name,ingredient,method
ผัดกะเพรา,"- หมูสับ 200 กรัม
- ใบกะเพรา 1 ถ้วย
- พริกขี้หนู 5 เม็ด
- กระเทียม 5 กลีบ
- น้ำปลา 2 ช้อนโต๊ะ
- น้ำตาล 1 ช้อนชา
- น้ำมัน 2 ช้อนโต๊ะ","1. ตั้งกระทะใส่น้ำมัน รอให้ร้อน
2. ใส่กระเทียมและพริกที่ตำแล้วลงไปผัดให้หอม
3. ใส่หมูสับลงผัดจนสุก
4. ปรุงรสด้วยน้ำปลาและน้ำตาล
5. ใส่ใบกะเพราลงผัดให้เข้ากัน ปิดไฟ"
ต้มยำกุ้ง,"- กุ้งแม่น้ำ 10 ตัว
- เห็ดฟาง 100 กรัม
- ตะไคร้ 2 ต้น
- ใบมะกรูด 5 ใบ
- ข่า 5 แว่น
- หอมแดง 3 หัว
- พริกขี้หนู 10 เม็ด
- น้ำปลา 3 ช้อนโต๊ะ
- มะนาว 2 ลูก
- น้ำพริกเผา 2 ช้อนโต๊ะ","1. ต้มน้ำให้เดือด ใส่ตะไคร้ ข่า ใบมะกรูด
2. ใส่เห็ดฟางและหอมแดง ต้มจนสุก
3. ใส่กุ้งลงต้มจนสุก
4. ปรุงรสด้วยน้ำปลา น้ำพริกเผา และมะนาว
5. ใส่พริกขี้หนูตำ คนให้เข้ากัน"
ส้มตำ,"- มะละกอดิบขูดฝอย 2 ถ้วย
- มะเขือเทศ 3 ผล
- ถั่วฝักยาว 5 ฝัก
- กุ้งแห้ง 2 ช้อนโต๊ะ
- ถั่วลิสง 2 ช้อนโต๊ะ
- พริกขี้หนู 3 เม็ด
- กระเทียม 3 กลีบ
- น้ำปลา 2 ช้อนโต๊ะ
- น้ำตาลปึก 2 ช้อนโต๊ะ
- มะนาว 2 ลูก","1. ตำพริกกับกระเทียมในครก
2. ใส่ถั่วฝักยาว ตำพอแตก
3. ใส่น้ำปลา น้ำตาลปึก คลุกให้ละลาย
4. ใส่มะเขือเทศ กุ้งแห้ง ถั่วลิสง ตำเบาๆ
5. ใส่มะละกอ คลุกเคล้าให้เข้ากัน
6. บีบมะนาว ชิมรส"
แกงเขียวหวาน,"- ไก่ 300 กรัม
- กะทิ 1 ถ้วย
- น้ำพริกแกงเขียวหวาน 3 ช้อนโต๊ะ
- มะเขือพวง 10 ผล
- มะเขือเปราะ 3 ผล
- ใบมะกรูด 5 ใบ
- ใบโหระพา 1/2 ถ้วย
- น้ำปลา 2 ช้อนโต๊ะ
- น้ำตาลปึก 1 ช้อนโต๊ะ","1. ตั้งกระทะ ใส่หัวกะทิเคี่ยวจนแตกมัน
2. ใส่น้ำพริกแกงผัดจนหอม
3. ใส่ไก่ผัดจนสุก
4. เติมหางกะทิ รอให้เดือด
5. ใส่มะเขือ ใบมะกรูด ต้มจนสุก
6. ปรุงรสด้วยน้ำปลา น้ำตาล
7. ใส่ใบโหระพา คนให้เข้ากัน"
ผัดไทย,"- เส้นจันท์ 200 กรัม
- กุ้งสด 100 กรัม
- เต้าหู้เหลือง 100 กรัม
- ไข่ 2 ฟอง
- ถั่วงอก 1 ถ้วย
- กุ้ยช่าย 50 กรัม
- ถั่วลิสงคั่วบด 2 ช้อนโต๊ะ
- น้ำมะขามเปียก 3 ช้อนโต๊ะ
- น้ำปลา 2 ช้อนโต๊ะ
- น้ำตาลปึก 3 ช้อนโต๊ะ
- น้ำมัน 3 ช้อนโต๊ะ","1. แช่เส้นจันท์ในน้ำอุ่นจนนิ่ม
2. ผสมน้ำมะขาม น้ำปลา น้ำตาล เป็นน้ำซอส
3. ตั้งกระทะใส่น้ำมัน ผัดกุ้งจนสุก
4. ใส่เต้าหู้ ผัดเบาๆ
5. เขยื่อนกระทะ ใส่ไข่ รอจนเริ่มสุก
6. ใส่เส้นจันท์และน้ำซอส ผัดให้เข้ากัน
7. ใส่ถั่วงอก กุ้ยช่าย ผัดอีกนิด
8. โรยถั่วลิสงบด"
